"send_id","recv_id","email_title","email_contents","step_basic_cd","step_detail_cd","error_cd","error_msg","reg_time"
'neokim.api@gmail.com','neokim.api@gmail.com','구글 이메일 제목(06-27-1)','구글 이메일 내용(06-27-1)',"1","(875,356)","0000",뉴스탭 이동 성공,"2023-06-28 23:23:12"
'neokim.api@gmail.com','neokim.api@gmail.com','구글 이메일 제목(06-27-1)','구글 이메일 내용(06-27-1)',"1","(875,356)","0000",뉴스탭 이동 성공,"2023-06-28 23:25:59"
'neokim.api@gmail.com','neokim.api@gmail.com','구글 이메일 제목(06-27-1)','구글 이메일 내용(06-27-1)',"1","(875,356)","0000",뉴스탭 이동 성공,"2023-06-28 23:29:09"
'neokim.api@gmail.com','neokim.api@gmail.com','구글 이메일 제목(06-27-1)','구글 이메일 내용(06-27-1)',"1","(875,356)","0000",뉴스탭 이동 성공,"2023-06-28 23:43:56"
'neokim.api@gmail.com','neokim.api@gmail.com','구글 이메일 제목(06-27-1)','구글 이메일 내용(06-27-1)',"1","(875,356)","0000",뉴스탭 이동 성공,"2023-06-28 23:44:42"
'neokim.api@gmail.com','neokim.api@gmail.com','구글 이메일 제목(06-27-1)','구글 이메일 내용(06-27-1)',"1","(875,356)","0000",뉴스탭 이동 성공,"2023-06-28 23:55:02"
'neokim.api@gmail.com','neokim.api@gmail.com','구글 이메일 제목(06-27-1)','구글 이메일 내용(06-27-1)',"1","(875,356)","0000",뉴스탭 이동 성공,"2023-06-29 00:11:16"
'neokim.api@gmail.com','neokim.api@gmail.com','구글 이메일 제목(06-27-1)','구글 이메일 내용(06-27-1)',"1","(875,356)","0000",뉴스탭 이동 성공,"2023-06-29 00:28:16"
'neokim.api@gmail.com','neokim.api@gmail.com','구글 이메일 제목(06-27-1)','구글 이메일 내용(06-27-1)',"1","(875,356)","0000",뉴스탭 이동 성공,"2023-06-29 00:29:28"
'gmail_api','neokim.api@gmail.com','구글 이메일 제목(06-27-1)','구글 이메일 내용(06-27-1)',"1","(875,356)","0000",뉴스탭 이동 성공,"2023-06-29 00:33:27"
'neokim.api@gmail.com','neokim.api@gmail.com','구글 이메일 제목(06-27-1)','구글 이메일 내용(06-27-1)',"1","(875,356)","0000",뉴스탭 이동 성공,"2023-06-29 00:35:59"
'neokim.api@gmail.com','neokim.api@gmail.com','구글 이메일 제목(06-27-1)','구글 이메일 내용(06-27-1)',"1","(875,356)","0000",뉴스탭 이동 성공,"2023-06-29 00:41:50"
'neokim.api@gmail.com','neokim.api@gmail.com','구글 이메일 제목(06-27-1)','구글 이메일 내용(06-27-1)',"1","(875,356)","0000",뉴스탭 이동 성공,"2023-06-29 00:42:26"
'neokim.api@gmail.com','neokim.api@gmail.com','구글 이메일 제목(06-27-1)','구글 이메일 내용(06-27-1)',"1","(875,356)","0000",뉴스탭 이동 성공,"2023-06-29 00:45:57"
'neokim.api@gmail.com','neokim.api@gmail.com','구글 이메일 제목(06-27-1)','구글 이메일 내용(06-27-1)',"1","(875,356)","0000",뉴스탭 이동 성공,"2023-06-29 00:48:07"
'neokim.api@gmail.com','neokim.api@gmail.com','구글 이메일 제목(06-27-1)','구글 이메일 내용(06-27-1)',"1","(875,356)","0000",뉴스탭 이동 성공,"2023-06-29 00:50:50"
'neokim.api@gmail.com','neokim.api@gmail.com','구글 이메일 제목(06-27-1)','구글 이메일 내용(06-27-1)',"1","(875,356)","0000",뉴스탭 이동 성공,"2023-06-29 00:52:14"
'neokim.api@gmail.com','neokim.api@gmail.com','구글 이메일 제목(06-27-1)','구글 이메일 내용(06-27-1)',"1","(875,356)","0000",뉴스탭 이동 성공,"2023-06-29 00:55:08"
'neokim.api@gmail.com','neokim.api@gmail.com','구글 이메일 제목(06-27-1)','구글 이메일 내용(06-27-1)',"1","(875,356)","0000",뉴스탭 이동 성공,"2023-06-29 00:56:36"
'neokim.api@gmail.com','neokim.api@gmail.com','구글 이메일 제목(06-27-1)','구글 이메일 내용(06-27-1)',"1","(875,356)","0000",뉴스탭 이동 성공,"2023-06-29 00:59:38"
'neokim.api@gmail.com','neokim.api@gmail.com','구글 이메일 제목(06-27-1)','구글 이메일 내용(06-27-1)',"1","(875,356)","0000",뉴스탭 이동 성공,"2023-06-29 01:00:36"
'neokim.api@gmail.com','neokim.api@gmail.com','구글 이메일 제목(06-27-1)','구글 이메일 내용(06-27-1)',"1","(875,356)","0000",뉴스탭 이동 성공,"2023-06-29 01:02:14"
'neokim.api@gmail.com','neokim.api@gmail.com','구글 이메일 제목(06-27-1)','구글 이메일 내용(06-27-1)',"1","(875,356)","0000",뉴스탭 이동 성공,"2023-06-29 01:03:31"
'neokim.api@gmail.com','neokim.api@gmail.com','구글 이메일 제목(06-27-1)','구글 이메일 내용(06-27-1)',"1","(875,356)","0000",뉴스탭 이동 성공,"2023-06-29 01:04:45"
'neokim.api@gmail.com','neokim.api@gmail.com','구글 이메일 제목(06-27-1)','구글 이메일 내용(06-27-1)',"1","(875,356)","0000",뉴스탭 이동 성공,"2023-06-29 01:06:22"
'neokim.api@gmail.com','neokim.api@gmail.com','구글 이메일 제목(06-27-1)','구글 이메일 내용(06-27-1)',"1","(875,356)","0000",뉴스탭 이동 성공,"2023-06-29 01:08:44"
neokim.api@gmail.com,neokim.api@gmail.com,'구글 이메일 제목(06-27-1)','구글 이메일 내용(06-27-1)',"1","(875,356)","0000",뉴스탭 이동 성공,"2023-06-29 01:09:55"
neokim.api@gmail.com,neokim.api@gmail.com,'구글 이메일 제목(06-27-1)','구글 이메일 내용(06-27-1)',"1","(875,356)","0000",뉴스탭 이동 성공,"2023-06-29 01:11:44"
neokim.api@gmail.com,neokim.api@gmail.com,'구글 이메일 제목(06-27-1)','구글 이메일 내용(06-27-1)',"2","(678,454)","0000",정치 헤드라인 뉴스 이동 성공,"2023-06-29 10:33:04"
neokim.api@gmail.com,neokim.api@gmail.com,'구글 이메일 제목(06-27-1)','구글 이메일 내용(06-27-1)',"1","(875,356)","0000",뉴스탭 이동 성공,"2023-06-29 11:18:32"
"","","","","1","(875,356)","0000",뉴스탭 이동 성공,"2023-06-29 11:25:00"
"","","","","2","(385,249)","0000",정치탭 이동 성공,"2023-06-29 11:25:02"
"","","","","2","(678,454)","0000",정치 헤드라인 뉴스 이동 성공,"2023-06-29 11:25:04"
"","","","","1","(875,356)","0000",뉴스탭 이동 성공,"2023-06-29 11:27:29"
"","","","","1","(875,356)","0000",뉴스탭 이동 성공,"2023-06-29 13:42:34"
"","","","","1","(875,356)","9999",뉴스탭 이동 실패,"2023-06-29 13:42:35"
"","","","","1","(875,356)","0000",뉴스탭 이동 성공,"2023-06-29 13:44:13"
"","","","","1","(875,356)","0000",뉴스탭 이동 성공,"2023-06-29 14:51:38"
"","","","","1","(875,356)","0000",뉴스탭 이동 성공,"2023-06-29 14:52:53"
"","","","","1","(875,356)","0000",뉴스탭 이동 성공,"2023-06-29 14:59:34"
"","","","","2","(385,249)","0000",정치탭 이동 성공,"2023-06-29 14:59:36"
"","","","","2","(678,454)","0000",정치 헤드라인 뉴스 이동 성공,"2023-06-29 14:59:38"
"","","","","1","(875,356)","0000",뉴스탭 이동 성공,"2023-06-29 15:12:18"
"","","","","2","(385,249)","0000",정치탭 이동 성공,"2023-06-29 15:12:20"
"","","","","2","(678,454)","0000",정치 헤드라인 뉴스 이동 성공,"2023-06-29 15:12:22"
neokim.api@gmail.com,neokim.api@gmail.com,'구글 이메일 제목(06-27-1)','구글 이메일 내용(06-27-1)',"1","(875,356)","0000",뉴스탭 이동 성공,"2023-06-29 16:27:14"
neokim.api@gmail.com,neokim.api@gmail.com,'구글 이메일 제목(06-27-1)','구글 이메일 내용(06-27-1)',"2","(385,249)","0000",정치탭 이동 성공,"2023-06-29 16:27:16"
neokim.api@gmail.com,neokim.api@gmail.com,'구글 이메일 제목(06-27-1)','구글 이메일 내용(06-27-1)',"2","(678,454)","0000",정치 헤드라인 뉴스 이동 성공,"2023-06-29 16:27:18"
neokim.api@gmail.com,neokim.api@gmail.com,'구글 이메일 제목(06-27-1)','구글 이메일 내용(06-27-1)',"1","(875,356)","0000",뉴스탭 이동 성공,"2023-06-29 16:49:18"
neokim.api@gmail.com,neokim.api@gmail.com,'구글 이메일 제목(06-27-1)','구글 이메일 내용(06-27-1)',"2","(385,249)","0000",정치탭 이동 성공,"2023-06-29 16:49:20"
neokim.api@gmail.com,neokim.api@gmail.com,'구글 이메일 제목(06-27-1)','구글 이메일 내용(06-27-1)',"2","(678,454)","0000",정치 헤드라인 뉴스 이동 성공,"2023-06-29 16:49:22"
neokim.api@gmail.com,neokim.api@gmail.com,'구글 이메일 제목(06-27-1)','구글 이메일 내용(06-27-1)',"1","(875,356)","0000",뉴스탭 이동 성공,"2023-06-29 16:51:15"
neokim.api@gmail.com,neokim.api@gmail.com,'구글 이메일 제목(06-27-1)','구글 이메일 내용(06-27-1)',"2","(385,249)","0000",정치탭 이동 성공,"2023-06-29 16:51:17"
neokim.api@gmail.com,neokim.api@gmail.com,'구글 이메일 제목(06-27-1)','구글 이메일 내용(06-27-1)',"3","(678,454)","0000",정치 헤드라인 뉴스 이동 성공,"2023-06-29 16:51:19"
neokim.api@gmail.com,neokim.api@gmail.com,'구글 이메일 제목(06-27-1)','구글 이메일 내용(06-27-1)',"1","(875,356)","0000",뉴스탭 이동 성공,"2023-06-29 17:36:04"
neokim.api@gmail.com,neokim.api@gmail.com,'구글 이메일 제목(06-27-1)','구글 이메일 내용(06-27-1)',"2","(385,249)","0000",정치탭 이동 성공,"2023-06-29 17:36:06"
neokim.api@gmail.com,neokim.api@gmail.com,'구글 이메일 제목(06-27-1)','구글 이메일 내용(06-27-1)',"3","(678,454)","0000",정치 헤드라인 뉴스 이동 성공,"2023-06-29 17:36:08"
neokim.api@gmail.com,neokim.api@gmail.com,'구글 이메일 제목(06-27-1)','구글 이메일 내용(06-27-1)',"1","(875,356)","0000",뉴스탭 이동 성공,"2023-06-29 20:36:15"
neokim.api@gmail.com,neokim.api@gmail.com,'구글 이메일 제목(06-27-1)','구글 이메일 내용(06-27-1)',"2","(385,249)","0000",정치탭 이동 성공,"2023-06-29 20:36:17"
neokim.api@gmail.com,neokim.api@gmail.com,'구글 이메일 제목(06-27-1)','구글 이메일 내용(06-27-1)',"3","(678,454)","0000",정치 헤드라인 뉴스 이동 성공,"2023-06-29 20:36:19"
neokim.api@gmail.com,neokim.api@gmail.com,'구글 이메일 제목(06-27-1)','구글 이메일 내용(06-27-1)',"1","(875,356)","0000",뉴스탭 이동 성공,"2023-06-29 20:36:33"
neokim.api@gmail.com,neokim.api@gmail.com,'구글 이메일 제목(06-27-1)','구글 이메일 내용(06-27-1)',"2","(385,249)","0000",경제탭 이동 성공,"2023-06-29 20:36:35"
neokim.api@gmail.com,neokim.api@gmail.com,'구글 이메일 제목(06-27-1)','구글 이메일 내용(06-27-1)',"3","(678,454)","0000",경제 헤드라인 뉴스 이동 성공,"2023-06-29 20:36:38"
neokim.api@gmail.com,neokim.api@gmail.com,'구글 이메일 제목(06-27-1)','구글 이메일 내용(06-27-1)',"1","(875,356)","0000",뉴스탭 이동 성공,"2023-06-29 20:36:52"
neokim.api@gmail.com,neokim.api@gmail.com,'구글 이메일 제목(06-27-1)','구글 이메일 내용(06-27-1)',"2","(385,249)","0000",경제탭 이동 성공,"2023-06-29 20:36:54"
neokim.api@gmail.com,neokim.api@gmail.com,'구글 이메일 제목(06-27-1)','구글 이메일 내용(06-27-1)',"3","(678,454)","0000",경제 헤드라인 뉴스 이동 성공,"2023-06-29 20:36:56"
neokim.api@gmail.com,neokim.api@gmail.com,'구글 이메일 제목(06-27-1)','구글 이메일 내용(06-27-1)',"1","(875,356)","0000",뉴스탭 이동 성공,"2023-06-29 20:42:41"
neokim.api@gmail.com,neokim.api@gmail.com,'구글 이메일 제목(06-27-1)','구글 이메일 내용(06-27-1)',"2","(385,249)","0000",정치탭 이동 성공,"2023-06-29 20:42:43"
neokim.api@gmail.com,neokim.api@gmail.com,'구글 이메일 제목(06-27-1)','구글 이메일 내용(06-27-1)',"3","(678,454)","0000",정치 헤드라인 뉴스 이동 성공,"2023-06-29 20:42:46"
neokim.api@gmail.com,neokim.api@gmail.com,'구글 이메일 제목(06-27-1)','구글 이메일 내용(06-27-1)',"1","(875,356)","0000",뉴스탭 이동 성공,"2023-06-29 20:43:00"
neokim.api@gmail.com,neokim.api@gmail.com,'구글 이메일 제목(06-27-1)','구글 이메일 내용(06-27-1)',"2","(485,243)","0000",경제탭 이동 성공,"2023-06-29 20:43:02"
neokim.api@gmail.com,neokim.api@gmail.com,'구글 이메일 제목(06-27-1)','구글 이메일 내용(06-27-1)',"3","(778,444)","0000",경제 헤드라인 뉴스 이동 성공,"2023-06-29 20:43:04"
neokim.api@gmail.com,neokim.api@gmail.com,'구글 이메일 제목(06-27-1)','구글 이메일 내용(06-27-1)',"1","(875,356)","0000",뉴스탭 이동 성공,"2023-06-29 20:43:18"
neokim.api@gmail.com,neokim.api@gmail.com,'구글 이메일 제목(06-27-1)','구글 이메일 내용(06-27-1)',"2","(518,264)","0000",사회탭 이동 성공,"2023-06-29 20:43:21"
neokim.api@gmail.com,neokim.api@gmail.com,'구글 이메일 제목(06-27-1)','구글 이메일 내용(06-27-1)',"3","(834,451)","0000",사회 헤드라인 뉴스 이동 성공,"2023-06-29 20:43:23"
neokim.api@gmail.com,neokim.api@gmail.com,'구글 이메일 제목(06-27-1)','구글 이메일 내용(06-27-1)',"1","(875,356)","0000",뉴스탭 이동 성공,"2023-06-29 23:32:15"
neokim.api@gmail.com,neokim.api@gmail.com,'구글 이메일 제목(06-27-1)','구글 이메일 내용(06-27-1)',"2","(385,249)","0000",정치탭 이동 성공,"2023-06-29 23:32:17"
neokim.api@gmail.com,neokim.api@gmail.com,'구글 이메일 제목(06-27-1)','구글 이메일 내용(06-27-1)',"3","(678,454)","0000",정치 헤드라인 뉴스 이동 성공,"2023-06-29 23:32:20"
neokim.api@gmail.com,neokim.api@gmail.com,'구글 이메일 제목(06-27-1)','구글 이메일 내용(06-27-1)',"1","(875,356)","0000",뉴스탭 이동 성공,"2023-06-29 23:32:34"
neokim.api@gmail.com,neokim.api@gmail.com,'구글 이메일 제목(06-27-1)','구글 이메일 내용(06-27-1)',"2","(485,243)","0000",경제탭 이동 성공,"2023-06-29 23:32:36"
neokim.api@gmail.com,neokim.api@gmail.com,'구글 이메일 제목(06-27-1)','구글 이메일 내용(06-27-1)',"3","(778,444)","0000",경제 헤드라인 뉴스 이동 성공,"2023-06-29 23:32:38"
neokim.api@gmail.com,neokim.api@gmail.com,'구글 이메일 제목(06-27-1)','구글 이메일 내용(06-27-1)',"1","(875,356)","0000",뉴스탭 이동 성공,"2023-06-29 23:32:52"
neokim.api@gmail.com,neokim.api@gmail.com,'구글 이메일 제목(06-27-1)','구글 이메일 내용(06-27-1)',"2","(518,264)","0000",사회탭 이동 성공,"2023-06-29 23:32:55"
neokim.api@gmail.com,neokim.api@gmail.com,'구글 이메일 제목(06-27-1)','구글 이메일 내용(06-27-1)',"3","(834,451)","0000",사회 헤드라인 뉴스 이동 성공,"2023-06-29 23:32:57"
neokim.api@gmail.com,neokim.api@gmail.com,'구글 이메일 제목(06-27-1)','구글 이메일 내용(06-27-1)',"1","(875,356)","0000",뉴스탭 이동 성공,"2023-06-30 00:57:34"
neokim.api@gmail.com,neokim.api@gmail.com,'구글 이메일 제목(06-27-1)','구글 이메일 내용(06-27-1)',"2","(385,249)","0000",정치탭 이동 성공,"2023-06-30 00:57:37"
neokim.api@gmail.com,neokim.api@gmail.com,'구글 이메일 제목(06-27-1)','구글 이메일 내용(06-27-1)',"3","(678,454)","0000",정치 헤드라인 뉴스 이동 성공,"2023-06-30 00:57:39"
neokim.api@gmail.com,neokim.api@gmail.com,'구글 이메일 제목(06-27-1)','구글 이메일 내용(06-27-1)',"1","(875,356)","0000",뉴스탭 이동 성공,"2023-06-30 00:57:53"
neokim.api@gmail.com,neokim.api@gmail.com,'구글 이메일 제목(06-27-1)','구글 이메일 내용(06-27-1)',"2","(485,243)","0000",경제탭 이동 성공,"2023-06-30 00:57:55"
neokim.api@gmail.com,neokim.api@gmail.com,'구글 이메일 제목(06-27-1)','구글 이메일 내용(06-27-1)',"3","(778,444)","0000",경제 헤드라인 뉴스 이동 성공,"2023-06-30 00:57:58"
neokim.api@gmail.com,neokim.api@gmail.com,'구글 이메일 제목(06-27-1)','구글 이메일 내용(06-27-1)',"1","(875,356)","0000",뉴스탭 이동 성공,"2023-06-30 00:58:38"
neokim.api@gmail.com,neokim.api@gmail.com,'구글 이메일 제목(06-27-1)','구글 이메일 내용(06-27-1)',"2","(385,249)","0000",정치탭 이동 성공,"2023-06-30 00:58:41"
neokim.api@gmail.com,neokim.api@gmail.com,'구글 이메일 제목(06-27-1)','구글 이메일 내용(06-27-1)',"3","(678,454)","0000",정치 헤드라인 뉴스 이동 성공,"2023-06-30 00:58:43"
neokim.api@gmail.com,neokim.api@gmail.com,'구글 이메일 제목(06-27-1)','구글 이메일 내용(06-27-1)',"1","(875,356)","0000",뉴스탭 이동 성공,"2023-06-30 00:58:57"
neokim.api@gmail.com,neokim.api@gmail.com,'구글 이메일 제목(06-27-1)','구글 이메일 내용(06-27-1)',"2","(485,243)","0000",경제탭 이동 성공,"2023-06-30 00:58:59"
neokim.api@gmail.com,neokim.api@gmail.com,'구글 이메일 제목(06-27-1)','구글 이메일 내용(06-27-1)',"3","(778,444)","0000",경제 헤드라인 뉴스 이동 성공,"2023-06-30 00:59:02"
neokim.api@gmail.com,neokim.api@gmail.com,'구글 이메일 제목(06-27-1)','구글 이메일 내용(06-27-1)',"1","(875,356)","0000",뉴스탭 이동 성공,"2023-06-30 00:59:16"
neokim.api@gmail.com,neokim.api@gmail.com,'구글 이메일 제목(06-27-1)','구글 이메일 내용(06-27-1)',"2","(518,264)","0000",사회탭 이동 성공,"2023-06-30 00:59:18"
neokim.api@gmail.com,neokim.api@gmail.com,'구글 이메일 제목(06-27-1)','구글 이메일 내용(06-27-1)',"3","(834,451)","0000",사회 헤드라인 뉴스 이동 성공,"2023-06-30 00:59:20"
neokim.api@gmail.com,neokim.api@gmail.com,'구글 이메일 제목(06-27-1)','구글 이메일 내용(06-27-1)',"1","(875,356)","0000",뉴스탭 이동 성공,"2023-07-03 13:15:10"
neokim.api@gmail.com,neokim.api@gmail.com,'구글 이메일 제목(06-27-1)','구글 이메일 내용(06-27-1)',"2","(385,249)","0000",정치탭 이동 성공,"2023-07-03 13:15:13"
neokim.api@gmail.com,neokim.api@gmail.com,'구글 이메일 제목(06-27-1)','구글 이메일 내용(06-27-1)',"3","(678,454)","0000",정치 헤드라인 뉴스 이동 성공,"2023-07-03 13:15:15"
neokim.api@gmail.com,neokim.api@gmail.com,'구글 이메일 제목(06-27-1)','구글 이메일 내용(06-27-1)',"1","(875,356)","0000",뉴스탭 이동 성공,"2023-07-03 13:15:29"
neokim.api@gmail.com,neokim.api@gmail.com,'구글 이메일 제목(06-27-1)','구글 이메일 내용(06-27-1)',"2","(485,243)","0000",경제탭 이동 성공,"2023-07-03 13:15:31"
neokim.api@gmail.com,neokim.api@gmail.com,'구글 이메일 제목(06-27-1)','구글 이메일 내용(06-27-1)',"3","(778,444)","0000",경제 헤드라인 뉴스 이동 성공,"2023-07-03 13:15:33"
neokim.api@gmail.com,neokim.api@gmail.com,'구글 이메일 제목(06-27-1)','구글 이메일 내용(06-27-1)',"1","(875,356)","0000",뉴스탭 이동 성공,"2023-07-03 13:15:48"
neokim.api@gmail.com,neokim.api@gmail.com,'구글 이메일 제목(06-27-1)','구글 이메일 내용(06-27-1)',"2","(518,264)","0000",사회탭 이동 성공,"2023-07-03 13:15:50"
neokim.api@gmail.com,neokim.api@gmail.com,'구글 이메일 제목(06-27-1)','구글 이메일 내용(06-27-1)',"3","(834,451)","0000",사회 헤드라인 뉴스 이동 성공,"2023-07-03 13:15:52"
neokim.api@gmail.com,neokim.api@gmail.com,'구글 이메일 제목(06-27-1)','구글 이메일 내용(06-27-1)',"1","(875,356)","0000",뉴스탭 이동 성공,"2023-07-03 13:17:05"
neokim.api@gmail.com,neokim.api@gmail.com,'구글 이메일 제목(06-27-1)','구글 이메일 내용(06-27-1)',"2","(385,249)","0000",정치탭 이동 성공,"2023-07-03 13:17:08"
neokim.api@gmail.com,neokim.api@gmail.com,'구글 이메일 제목(06-27-1)','구글 이메일 내용(06-27-1)',"3","(678,454)","0000",정치 헤드라인 뉴스 이동 성공,"2023-07-03 13:17:10"
neokim.api@gmail.com,neokim.api@gmail.com,'구글 이메일 제목(06-27-1)','구글 이메일 내용(06-27-1)',"1","(875,356)","0000",뉴스탭 이동 성공,"2023-07-03 13:17:24"
neokim.api@gmail.com,neokim.api@gmail.com,'구글 이메일 제목(06-27-1)','구글 이메일 내용(06-27-1)',"2","(485,243)","0000",경제탭 이동 성공,"2023-07-03 13:17:26"
neokim.api@gmail.com,neokim.api@gmail.com,'구글 이메일 제목(06-27-1)','구글 이메일 내용(06-27-1)',"3","(778,444)","0000",경제 헤드라인 뉴스 이동 성공,"2023-07-03 13:17:28"
neokim.api@gmail.com,neokim.api@gmail.com,'구글 이메일 제목(06-27-1)','구글 이메일 내용(06-27-1)',"1","(875,356)","0000",뉴스탭 이동 성공,"2023-07-03 13:17:42"
neokim.api@gmail.com,neokim.api@gmail.com,'구글 이메일 제목(06-27-1)','구글 이메일 내용(06-27-1)',"2","(518,264)","0000",사회탭 이동 성공,"2023-07-03 13:17:45"
neokim.api@gmail.com,neokim.api@gmail.com,'구글 이메일 제목(06-27-1)','구글 이메일 내용(06-27-1)',"3","(834,451)","0000",사회 헤드라인 뉴스 이동 성공,"2023-07-03 13:17:47"
neokim.api@gmail.com,neokim.api@gmail.com,'구글 이메일 제목(06-27-1)','구글 이메일 내용(06-27-1)',"1","(875,356)","0000",뉴스탭 이동 성공,"2023-07-03 13:19:00"
neokim.api@gmail.com,neokim.api@gmail.com,'구글 이메일 제목(06-27-1)','구글 이메일 내용(06-27-1)',"2","(385,249)","0000",정치탭 이동 성공,"2023-07-03 13:19:02"
neokim.api@gmail.com,neokim.api@gmail.com,'구글 이메일 제목(06-27-1)','구글 이메일 내용(06-27-1)',"3","(678,454)","0000",정치 헤드라인 뉴스 이동 성공,"2023-07-03 13:19:05"
neokim.api@gmail.com,neokim.api@gmail.com,'구글 이메일 제목(06-27-1)','구글 이메일 내용(06-27-1)',"1","(875,356)","0000",뉴스탭 이동 성공,"2023-07-03 13:19:18"
neokim.api@gmail.com,neokim.api@gmail.com,'구글 이메일 제목(06-27-1)','구글 이메일 내용(06-27-1)',"2","(485,243)","0000",경제탭 이동 성공,"2023-07-03 13:19:20"
neokim.api@gmail.com,neokim.api@gmail.com,'구글 이메일 제목(06-27-1)','구글 이메일 내용(06-27-1)',"3","(778,444)","0000",경제 헤드라인 뉴스 이동 성공,"2023-07-03 13:19:23"
neokim.api@gmail.com,neokim.api@gmail.com,'구글 이메일 제목(06-27-1)','구글 이메일 내용(06-27-1)',"1","(875,356)","0000",뉴스탭 이동 성공,"2023-07-03 13:19:36"
neokim.api@gmail.com,neokim.api@gmail.com,'구글 이메일 제목(06-27-1)','구글 이메일 내용(06-27-1)',"2","(518,264)","0000",사회탭 이동 성공,"2023-07-03 13:19:39"
neokim.api@gmail.com,neokim.api@gmail.com,'구글 이메일 제목(06-27-1)','구글 이메일 내용(06-27-1)',"3","(834,451)","0000",사회 헤드라인 뉴스 이동 성공,"2023-07-03 13:19:41"
neokim.api@gmail.com,neokim.api@gmail.com,'구글 이메일 제목(06-27-1)','구글 이메일 내용(06-27-1)',"1","(875,356)","0000",뉴스탭 이동 성공,"2023-07-03 13:20:54"
neokim.api@gmail.com,neokim.api@gmail.com,'구글 이메일 제목(06-27-1)','구글 이메일 내용(06-27-1)',"2","(385,249)","0000",정치탭 이동 성공,"2023-07-03 13:20:56"
neokim.api@gmail.com,neokim.api@gmail.com,'구글 이메일 제목(06-27-1)','구글 이메일 내용(06-27-1)',"3","(678,454)","0000",정치 헤드라인 뉴스 이동 성공,"2023-07-03 13:20:58"
neokim.api@gmail.com,neokim.api@gmail.com,'구글 이메일 제목(06-27-1)','구글 이메일 내용(06-27-1)',"1","(875,356)","0000",뉴스탭 이동 성공,"2023-07-03 13:21:12"
neokim.api@gmail.com,neokim.api@gmail.com,'구글 이메일 제목(06-27-1)','구글 이메일 내용(06-27-1)',"2","(485,243)","0000",경제탭 이동 성공,"2023-07-03 13:21:15"
neokim.api@gmail.com,neokim.api@gmail.com,'구글 이메일 제목(06-27-1)','구글 이메일 내용(06-27-1)',"3","(778,444)","0000",경제 헤드라인 뉴스 이동 성공,"2023-07-03 13:21:17"
neokim.api@gmail.com,neokim.api@gmail.com,'구글 이메일 제목(06-27-1)','구글 이메일 내용(06-27-1)',"1","(875,356)","0000",뉴스탭 이동 성공,"2023-07-03 13:57:07"
neokim.api@gmail.com,neokim.api@gmail.com,'구글 이메일 제목(06-27-1)','구글 이메일 내용(06-27-1)',"2","(385,249)","0000",정치탭 이동 성공,"2023-07-03 13:57:10"
neokim.api@gmail.com,neokim.api@gmail.com,'구글 이메일 제목(06-27-1)','구글 이메일 내용(06-27-1)',"3","(678,454)","0000",정치 헤드라인 뉴스 이동 성공,"2023-07-03 13:57:12"
neokim.api@gmail.com,neokim.api@gmail.com,'구글 이메일 제목(06-27-1)','구글 이메일 내용(06-27-1)',"1","(875,356)","0000",뉴스탭 이동 성공,"2023-07-03 13:57:26"
neokim.api@gmail.com,neokim.api@gmail.com,'구글 이메일 제목(06-27-1)','구글 이메일 내용(06-27-1)',"2","(485,243)","0000",경제탭 이동 성공,"2023-07-03 13:57:28"
neokim.api@gmail.com,neokim.api@gmail.com,'구글 이메일 제목(06-27-1)','구글 이메일 내용(06-27-1)',"3","(778,444)","0000",경제 헤드라인 뉴스 이동 성공,"2023-07-03 13:57:30"
neokim.api@gmail.com,neokim.api@gmail.com,'구글 이메일 제목(06-27-1)','구글 이메일 내용(06-27-1)',"1","(875,356)","0000",뉴스탭 이동 성공,"2023-07-03 13:57:44"
neokim.api@gmail.com,neokim.api@gmail.com,'구글 이메일 제목(06-27-1)','구글 이메일 내용(06-27-1)',"2","(518,264)","0000",사회탭 이동 성공,"2023-07-03 13:57:47"
neokim.api@gmail.com,neokim.api@gmail.com,'구글 이메일 제목(06-27-1)','구글 이메일 내용(06-27-1)',"3","(834,451)","0000",사회 헤드라인 뉴스 이동 성공,"2023-07-03 13:57:49"
neokim.api@gmail.com,neokim.api@gmail.com,'구글 이메일 제목(06-27-1)','구글 이메일 내용(06-27-1)',"1","(875,356)","0000",뉴스탭 이동 성공,"2023-07-03 13:59:02"
neokim.api@gmail.com,neokim.api@gmail.com,'구글 이메일 제목(06-27-1)','구글 이메일 내용(06-27-1)',"2","(385,249)","0000",정치탭 이동 성공,"2023-07-03 13:59:04"
neokim.api@gmail.com,neokim.api@gmail.com,'구글 이메일 제목(06-27-1)','구글 이메일 내용(06-27-1)',"3","(678,454)","0000",정치 헤드라인 뉴스 이동 성공,"2023-07-03 13:59:07"
neokim.api@gmail.com,neokim.api@gmail.com,'구글 이메일 제목(06-27-1)','구글 이메일 내용(06-27-1)',"1","(875,356)","0000",뉴스탭 이동 성공,"2023-07-03 13:59:21"
neokim.api@gmail.com,neokim.api@gmail.com,'구글 이메일 제목(06-27-1)','구글 이메일 내용(06-27-1)',"2","(485,243)","0000",경제탭 이동 성공,"2023-07-03 13:59:23"
neokim.api@gmail.com,neokim.api@gmail.com,'구글 이메일 제목(06-27-1)','구글 이메일 내용(06-27-1)',"3","(778,444)","0000",경제 헤드라인 뉴스 이동 성공,"2023-07-03 13:59:25"
neokim.api@gmail.com,neokim.api@gmail.com,'구글 이메일 제목(06-27-1)','구글 이메일 내용(06-27-1)',"1","(875,356)","0000",뉴스탭 이동 성공,"2023-07-03 13:59:39"
neokim.api@gmail.com,neokim.api@gmail.com,'구글 이메일 제목(06-27-1)','구글 이메일 내용(06-27-1)',"2","(518,264)","0000",사회탭 이동 성공,"2023-07-03 13:59:41"
neokim.api@gmail.com,neokim.api@gmail.com,'구글 이메일 제목(06-27-1)','구글 이메일 내용(06-27-1)',"3","(834,451)","0000",사회 헤드라인 뉴스 이동 성공,"2023-07-03 13:59:44"
neokim.api@gmail.com,neokim.api@gmail.com,'구글 이메일 제목(06-27-1)','구글 이메일 내용(06-27-1)',"1","(875,356)","0000",뉴스탭 이동 성공,"2023-07-03 14:00:57"
neokim.api@gmail.com,neokim.api@gmail.com,'구글 이메일 제목(06-27-1)','구글 이메일 내용(06-27-1)',"2","(385,249)","0000",정치탭 이동 성공,"2023-07-03 14:00:59"
neokim.api@gmail.com,neokim.api@gmail.com,'구글 이메일 제목(06-27-1)','구글 이메일 내용(06-27-1)',"3","(678,454)","0000",정치 헤드라인 뉴스 이동 성공,"2023-07-03 14:01:01"
neokim.api@gmail.com,neokim.api@gmail.com,'구글 이메일 제목(06-27-1)','구글 이메일 내용(06-27-1)',"1","(875,356)","0000",뉴스탭 이동 성공,"2023-07-03 14:01:15"
neokim.api@gmail.com,neokim.api@gmail.com,'구글 이메일 제목(06-27-1)','구글 이메일 내용(06-27-1)',"2","(485,243)","0000",경제탭 이동 성공,"2023-07-03 14:01:17"
neokim.api@gmail.com,neokim.api@gmail.com,'구글 이메일 제목(06-27-1)','구글 이메일 내용(06-27-1)',"3","(778,444)","0000",경제 헤드라인 뉴스 이동 성공,"2023-07-03 14:01:19"
neokim.api@gmail.com,neokim.api@gmail.com,'구글 이메일 제목(06-27-1)','구글 이메일 내용(06-27-1)',"1","(875,356)","0000",뉴스탭 이동 성공,"2023-07-03 14:01:33"
neokim.api@gmail.com,neokim.api@gmail.com,'구글 이메일 제목(06-27-1)','구글 이메일 내용(06-27-1)',"2","(518,264)","0000",사회탭 이동 성공,"2023-07-03 14:01:36"
neokim.api@gmail.com,neokim.api@gmail.com,'구글 이메일 제목(06-27-1)','구글 이메일 내용(06-27-1)',"3","(834,451)","0000",사회 헤드라인 뉴스 이동 성공,"2023-07-03 14:01:38"
neokim.api@gmail.com,neokim.api@gmail.com,'구글 이메일 제목(06-27-1)','구글 이메일 내용(06-27-1)',"1","(875,356)","0000",뉴스탭 이동 성공,"2023-07-03 14:02:51"
neokim.api@gmail.com,neokim.api@gmail.com,'구글 이메일 제목(06-27-1)','구글 이메일 내용(06-27-1)',"2","(385,249)","0000",정치탭 이동 성공,"2023-07-03 14:02:54"
neokim.api@gmail.com,neokim.api@gmail.com,'구글 이메일 제목(06-27-1)','구글 이메일 내용(06-27-1)',"3","(678,454)","0000",정치 헤드라인 뉴스 이동 성공,"2023-07-03 14:02:56"
neokim.api@gmail.com,neokim.api@gmail.com,'구글 이메일 제목(06-27-1)','구글 이메일 내용(06-27-1)',"1","(875,356)","0000",뉴스탭 이동 성공,"2023-07-03 14:03:10"
neokim.api@gmail.com,neokim.api@gmail.com,'구글 이메일 제목(06-27-1)','구글 이메일 내용(06-27-1)',"2","(485,243)","0000",경제탭 이동 성공,"2023-07-03 14:03:12"
neokim.api@gmail.com,neokim.api@gmail.com,'구글 이메일 제목(06-27-1)','구글 이메일 내용(06-27-1)',"3","(778,444)","0000",경제 헤드라인 뉴스 이동 성공,"2023-07-03 14:03:15"
neokim.api@gmail.com,neokim.api@gmail.com,'구글 이메일 제목(06-27-1)','구글 이메일 내용(06-27-1)',"1","(875,356)","0000",뉴스탭 이동 성공,"2023-07-03 14:03:29"
neokim.api@gmail.com,neokim.api@gmail.com,'구글 이메일 제목(06-27-1)','구글 이메일 내용(06-27-1)',"2","(518,264)","0000",사회탭 이동 성공,"2023-07-03 14:03:31"
neokim.api@gmail.com,neokim.api@gmail.com,'구글 이메일 제목(06-27-1)','구글 이메일 내용(06-27-1)',"3","(834,451)","0000",사회 헤드라인 뉴스 이동 성공,"2023-07-03 14:03:33"
neokim.api@gmail.com,neokim.api@gmail.com,'구글 이메일 제목(06-27-1)','구글 이메일 내용(06-27-1)',"1","(875,356)","0000",뉴스탭 이동 성공,"2023-07-03 14:04:46"
neokim.api@gmail.com,neokim.api@gmail.com,'구글 이메일 제목(06-27-1)','구글 이메일 내용(06-27-1)',"2","(385,249)","0000",정치탭 이동 성공,"2023-07-03 14:04:48"
neokim.api@gmail.com,neokim.api@gmail.com,'구글 이메일 제목(06-27-1)','구글 이메일 내용(06-27-1)',"3","(678,454)","0000",정치 헤드라인 뉴스 이동 성공,"2023-07-03 14:04:51"
neokim.api@gmail.com,neokim.api@gmail.com,'구글 이메일 제목(06-27-1)','구글 이메일 내용(06-27-1)',"1","(875,356)","0000",뉴스탭 이동 성공,"2023-07-03 14:05:05"
neokim.api@gmail.com,neokim.api@gmail.com,'구글 이메일 제목(06-27-1)','구글 이메일 내용(06-27-1)',"2","(485,243)","0000",경제탭 이동 성공,"2023-07-03 14:05:07"
neokim.api@gmail.com,neokim.api@gmail.com,'구글 이메일 제목(06-27-1)','구글 이메일 내용(06-27-1)',"3","(778,444)","0000",경제 헤드라인 뉴스 이동 성공,"2023-07-03 14:05:09"
neokim.api@gmail.com,neokim.api@gmail.com,'구글 이메일 제목(06-27-1)','구글 이메일 내용(06-27-1)',"1","(875,356)","0000",뉴스탭 이동 성공,"2023-07-03 14:05:23"
neokim.api@gmail.com,neokim.api@gmail.com,'구글 이메일 제목(06-27-1)','구글 이메일 내용(06-27-1)',"2","(518,264)","0000",사회탭 이동 성공,"2023-07-03 14:05:26"
neokim.api@gmail.com,neokim.api@gmail.com,'구글 이메일 제목(06-27-1)','구글 이메일 내용(06-27-1)',"3","(834,451)","0000",사회 헤드라인 뉴스 이동 성공,"2023-07-03 14:05:28"
neokim.api@gmail.com,neokim.api@gmail.com,'구글 이메일 제목(06-27-1)','구글 이메일 내용(06-27-1)',"1","(875,356)","0000",뉴스탭 이동 성공,"2023-07-03 14:06:41"
neokim.api@gmail.com,neokim.api@gmail.com,'구글 이메일 제목(06-27-1)','구글 이메일 내용(06-27-1)',"2","(385,249)","0000",정치탭 이동 성공,"2023-07-03 14:06:43"
neokim.api@gmail.com,neokim.api@gmail.com,'구글 이메일 제목(06-27-1)','구글 이메일 내용(06-27-1)',"3","(678,454)","0000",정치 헤드라인 뉴스 이동 성공,"2023-07-03 14:06:45"
neokim.api@gmail.com,neokim.api@gmail.com,'구글 이메일 제목(06-27-1)','구글 이메일 내용(06-27-1)',"1","(875,356)","0000",뉴스탭 이동 성공,"2023-07-03 14:06:59"
neokim.api@gmail.com,neokim.api@gmail.com,'구글 이메일 제목(06-27-1)','구글 이메일 내용(06-27-1)',"2","(485,243)","0000",경제탭 이동 성공,"2023-07-03 14:07:02"
neokim.api@gmail.com,neokim.api@gmail.com,'구글 이메일 제목(06-27-1)','구글 이메일 내용(06-27-1)',"3","(778,444)","0000",경제 헤드라인 뉴스 이동 성공,"2023-07-03 14:07:04"
neokim.api@gmail.com,neokim.api@gmail.com,'구글 이메일 제목(06-27-1)','구글 이메일 내용(06-27-1)',"1","(875,356)","0000",뉴스탭 이동 성공,"2023-07-03 14:07:18"
neokim.api@gmail.com,neokim.api@gmail.com,'구글 이메일 제목(06-27-1)','구글 이메일 내용(06-27-1)',"2","(518,264)","0000",사회탭 이동 성공,"2023-07-03 14:07:20"
neokim.api@gmail.com,neokim.api@gmail.com,'구글 이메일 제목(06-27-1)','구글 이메일 내용(06-27-1)',"3","(834,451)","0000",사회 헤드라인 뉴스 이동 성공,"2023-07-03 14:07:23"
neokim.api@gmail.com,neokim.api@gmail.com,'구글 이메일 제목(06-27-1)','구글 이메일 내용(06-27-1)',"1","(875,356)","0000",뉴스탭 이동 성공,"2023-07-03 14:08:36"
neokim.api@gmail.com,neokim.api@gmail.com,'구글 이메일 제목(06-27-1)','구글 이메일 내용(06-27-1)',"2","(385,249)","0000",정치탭 이동 성공,"2023-07-03 14:08:38"
neokim.api@gmail.com,neokim.api@gmail.com,'구글 이메일 제목(06-27-1)','구글 이메일 내용(06-27-1)',"3","(678,454)","0000",정치 헤드라인 뉴스 이동 성공,"2023-07-03 14:08:40"
neokim.api@gmail.com,neokim.api@gmail.com,'구글 이메일 제목(06-27-1)','구글 이메일 내용(06-27-1)',"1","(875,356)","0000",뉴스탭 이동 성공,"2023-07-03 14:08:54"
neokim.api@gmail.com,neokim.api@gmail.com,'구글 이메일 제목(06-27-1)','구글 이메일 내용(06-27-1)',"2","(485,243)","0000",경제탭 이동 성공,"2023-07-03 14:08:57"
neokim.api@gmail.com,neokim.api@gmail.com,'구글 이메일 제목(06-27-1)','구글 이메일 내용(06-27-1)',"3","(778,444)","0000",경제 헤드라인 뉴스 이동 성공,"2023-07-03 14:08:59"
neokim.api@gmail.com,neokim.api@gmail.com,'구글 이메일 제목(06-27-1)','구글 이메일 내용(06-27-1)',"1","(875,356)","0000",뉴스탭 이동 성공,"2023-07-03 14:09:13"
neokim.api@gmail.com,neokim.api@gmail.com,'구글 이메일 제목(06-27-1)','구글 이메일 내용(06-27-1)',"2","(518,264)","0000",사회탭 이동 성공,"2023-07-03 14:09:15"
neokim.api@gmail.com,neokim.api@gmail.com,'구글 이메일 제목(06-27-1)','구글 이메일 내용(06-27-1)',"3","(834,451)","0000",사회 헤드라인 뉴스 이동 성공,"2023-07-03 14:09:18"
neokim.api@gmail.com,neokim.api@gmail.com,'구글 이메일 제목(06-27-1)','구글 이메일 내용(06-27-1)',"1","(875,356)","0000",뉴스탭 이동 성공,"2023-07-03 15:16:31"
neokim.api@gmail.com,neokim.api@gmail.com,'구글 이메일 제목(06-27-1)','구글 이메일 내용(06-27-1)',"2","(385,249)","0000",정치탭 이동 성공,"2023-07-03 15:16:33"
neokim.api@gmail.com,neokim.api@gmail.com,'구글 이메일 제목(06-27-1)','구글 이메일 내용(06-27-1)',"3","(678,454)","0000",정치 헤드라인 뉴스 이동 성공,"2023-07-03 15:16:35"
neokim.api@gmail.com,neokim.api@gmail.com,'구글 이메일 제목(06-27-1)','구글 이메일 내용(06-27-1)',"1","(875,356)","0000",뉴스탭 이동 성공,"2023-07-03 15:16:49"
neokim.api@gmail.com,neokim.api@gmail.com,'구글 이메일 제목(06-27-1)','구글 이메일 내용(06-27-1)',"2","(485,243)","0000",경제탭 이동 성공,"2023-07-03 15:16:51"
neokim.api@gmail.com,neokim.api@gmail.com,'구글 이메일 제목(06-27-1)','구글 이메일 내용(06-27-1)',"3","(778,444)","0000",경제 헤드라인 뉴스 이동 성공,"2023-07-03 15:16:54"
neokim.api@gmail.com,neokim.api@gmail.com,'구글 이메일 제목(06-27-1)','구글 이메일 내용(06-27-1)',"1","(875,356)","0000",뉴스탭 이동 성공,"2023-07-03 15:17:08"
neokim.api@gmail.com,neokim.api@gmail.com,'구글 이메일 제목(06-27-1)','구글 이메일 내용(06-27-1)',"2","(518,264)","0000",사회탭 이동 성공,"2023-07-03 15:17:10"
neokim.api@gmail.com,neokim.api@gmail.com,'구글 이메일 제목(06-27-1)','구글 이메일 내용(06-27-1)',"3","(834,451)","0000",사회 헤드라인 뉴스 이동 성공,"2023-07-03 15:17:12"
neokim.api@gmail.com,neokim.api@gmail.com,'구글 이메일 제목(06-27-1)','구글 이메일 내용(06-27-1)',"1","(875,356)","0000",뉴스탭 이동 성공,"2023-07-03 15:18:25"
neokim.api@gmail.com,neokim.api@gmail.com,'구글 이메일 제목(06-27-1)','구글 이메일 내용(06-27-1)',"2","(385,249)","0000",정치탭 이동 성공,"2023-07-03 15:18:28"
neokim.api@gmail.com,neokim.api@gmail.com,'구글 이메일 제목(06-27-1)','구글 이메일 내용(06-27-1)',"3","(678,454)","0000",정치 헤드라인 뉴스 이동 성공,"2023-07-03 15:18:30"
neokim.api@gmail.com,neokim.api@gmail.com,'구글 이메일 제목(06-27-1)','구글 이메일 내용(06-27-1)',"1","(875,356)","0000",뉴스탭 이동 성공,"2023-07-03 15:18:44"
neokim.api@gmail.com,neokim.api@gmail.com,'구글 이메일 제목(06-27-1)','구글 이메일 내용(06-27-1)',"2","(485,243)","0000",경제탭 이동 성공,"2023-07-03 15:18:46"
neokim.api@gmail.com,neokim.api@gmail.com,'구글 이메일 제목(06-27-1)','구글 이메일 내용(06-27-1)',"3","(778,444)","0000",경제 헤드라인 뉴스 이동 성공,"2023-07-03 15:18:48"
neokim.api@gmail.com,neokim.api@gmail.com,'구글 이메일 제목(06-27-1)','구글 이메일 내용(06-27-1)',"1","(875,356)","0000",뉴스탭 이동 성공,"2023-07-03 15:19:02"
neokim.api@gmail.com,neokim.api@gmail.com,'구글 이메일 제목(06-27-1)','구글 이메일 내용(06-27-1)',"2","(518,264)","0000",사회탭 이동 성공,"2023-07-03 15:19:05"
neokim.api@gmail.com,neokim.api@gmail.com,'구글 이메일 제목(06-27-1)','구글 이메일 내용(06-27-1)',"3","(834,451)","0000",사회 헤드라인 뉴스 이동 성공,"2023-07-03 15:19:07"
neokim.api@gmail.com,neokim.api@gmail.com,'구글 이메일 제목(06-27-1)','구글 이메일 내용(06-27-1)',"1","(875,356)","0000",뉴스탭 이동 성공,"2023-07-03 15:20:20"
neokim.api@gmail.com,neokim.api@gmail.com,'구글 이메일 제목(06-27-1)','구글 이메일 내용(06-27-1)',"2","(385,249)","0000",정치탭 이동 성공,"2023-07-03 15:20:22"
neokim.api@gmail.com,neokim.api@gmail.com,'구글 이메일 제목(06-27-1)','구글 이메일 내용(06-27-1)',"3","(678,454)","0000",정치 헤드라인 뉴스 이동 성공,"2023-07-03 15:20:24"
neokim.api@gmail.com,neokim.api@gmail.com,'구글 이메일 제목(06-27-1)','구글 이메일 내용(06-27-1)',"1","(875,356)","0000",뉴스탭 이동 성공,"2023-07-03 15:20:38"
neokim.api@gmail.com,neokim.api@gmail.com,'구글 이메일 제목(06-27-1)','구글 이메일 내용(06-27-1)',"2","(485,243)","0000",경제탭 이동 성공,"2023-07-03 15:20:41"
neokim.api@gmail.com,neokim.api@gmail.com,'구글 이메일 제목(06-27-1)','구글 이메일 내용(06-27-1)',"3","(778,444)","0000",경제 헤드라인 뉴스 이동 성공,"2023-07-03 15:20:43"
neokim.api@gmail.com,neokim.api@gmail.com,'구글 이메일 제목(06-27-1)','구글 이메일 내용(06-27-1)',"1","(875,356)","0000",뉴스탭 이동 성공,"2023-07-03 15:20:57"
neokim.api@gmail.com,neokim.api@gmail.com,'구글 이메일 제목(06-27-1)','구글 이메일 내용(06-27-1)',"2","(518,264)","0000",사회탭 이동 성공,"2023-07-03 15:20:59"
neokim.api@gmail.com,neokim.api@gmail.com,'구글 이메일 제목(06-27-1)','구글 이메일 내용(06-27-1)',"3","(834,451)","0000",사회 헤드라인 뉴스 이동 성공,"2023-07-03 15:21:01"
neokim.api@gmail.com,neokim.api@gmail.com,'구글 이메일 제목(06-27-1)','구글 이메일 내용(06-27-1)',"1","(875,356)","0000",뉴스탭 이동 성공,"2023-07-03 15:22:15"
neokim.api@gmail.com,neokim.api@gmail.com,'구글 이메일 제목(06-27-1)','구글 이메일 내용(06-27-1)',"2","(385,249)","0000",정치탭 이동 성공,"2023-07-03 15:22:17"
neokim.api@gmail.com,neokim.api@gmail.com,'구글 이메일 제목(06-27-1)','구글 이메일 내용(06-27-1)',"3","(678,454)","0000",정치 헤드라인 뉴스 이동 성공,"2023-07-03 15:22:19"
neokim.api@gmail.com,neokim.api@gmail.com,'구글 이메일 제목(06-27-1)','구글 이메일 내용(06-27-1)',"1","(875,356)","0000",뉴스탭 이동 성공,"2023-07-03 15:22:33"
neokim.api@gmail.com,neokim.api@gmail.com,'구글 이메일 제목(06-27-1)','구글 이메일 내용(06-27-1)',"2","(485,243)","0000",경제탭 이동 성공,"2023-07-03 15:22:36"
neokim.api@gmail.com,neokim.api@gmail.com,'구글 이메일 제목(06-27-1)','구글 이메일 내용(06-27-1)',"3","(778,444)","0000",경제 헤드라인 뉴스 이동 성공,"2023-07-03 15:22:38"
neokim.api@gmail.com,neokim.api@gmail.com,'구글 이메일 제목(06-27-1)','구글 이메일 내용(06-27-1)',"1","(875,356)","0000",뉴스탭 이동 성공,"2023-07-03 15:22:52"
neokim.api@gmail.com,neokim.api@gmail.com,'구글 이메일 제목(06-27-1)','구글 이메일 내용(06-27-1)',"2","(518,264)","0000",사회탭 이동 성공,"2023-07-03 15:22:54"
neokim.api@gmail.com,neokim.api@gmail.com,'구글 이메일 제목(06-27-1)','구글 이메일 내용(06-27-1)',"3","(834,451)","0000",사회 헤드라인 뉴스 이동 성공,"2023-07-03 15:22:56"
neokim.api@gmail.com,neokim.api@gmail.com,'구글 이메일 제목(06-27-1)','구글 이메일 내용(06-27-1)',"1","(875,356)","0000",뉴스탭 이동 성공,"2023-07-03 15:24:09"
neokim.api@gmail.com,neokim.api@gmail.com,'구글 이메일 제목(06-27-1)','구글 이메일 내용(06-27-1)',"2","(385,249)","0000",정치탭 이동 성공,"2023-07-03 15:24:12"
neokim.api@gmail.com,neokim.api@gmail.com,'구글 이메일 제목(06-27-1)','구글 이메일 내용(06-27-1)',"3","(678,454)","0000",정치 헤드라인 뉴스 이동 성공,"2023-07-03 15:24:14"
neokim.api@gmail.com,neokim.api@gmail.com,'구글 이메일 제목(06-27-1)','구글 이메일 내용(06-27-1)',"1","(875,356)","0000",뉴스탭 이동 성공,"2023-07-03 15:24:28"
neokim.api@gmail.com,neokim.api@gmail.com,'구글 이메일 제목(06-27-1)','구글 이메일 내용(06-27-1)',"2","(485,243)","0000",경제탭 이동 성공,"2023-07-03 15:24:30"
neokim.api@gmail.com,neokim.api@gmail.com,'구글 이메일 제목(06-27-1)','구글 이메일 내용(06-27-1)',"3","(778,444)","0000",경제 헤드라인 뉴스 이동 성공,"2023-07-03 15:24:32"
neokim.api@gmail.com,neokim.api@gmail.com,'구글 이메일 제목(06-27-1)','구글 이메일 내용(06-27-1)',"1","(875,356)","0000",뉴스탭 이동 성공,"2023-07-03 15:24:46"
neokim.api@gmail.com,neokim.api@gmail.com,'구글 이메일 제목(06-27-1)','구글 이메일 내용(06-27-1)',"2","(518,264)","0000",사회탭 이동 성공,"2023-07-03 15:24:49"
neokim.api@gmail.com,neokim.api@gmail.com,'구글 이메일 제목(06-27-1)','구글 이메일 내용(06-27-1)',"3","(834,451)","0000",사회 헤드라인 뉴스 이동 성공,"2023-07-03 15:24:51"
neokim.api@gmail.com,neokim.api@gmail.com,'구글 이메일 제목(06-27-1)','구글 이메일 내용(06-27-1)',"1","(875,356)","0000",뉴스탭 이동 성공,"2023-07-03 15:26:04"
neokim.api@gmail.com,neokim.api@gmail.com,'구글 이메일 제목(06-27-1)','구글 이메일 내용(06-27-1)',"2","(385,249)","0000",정치탭 이동 성공,"2023-07-03 15:26:06"
neokim.api@gmail.com,neokim.api@gmail.com,'구글 이메일 제목(06-27-1)','구글 이메일 내용(06-27-1)',"3","(678,454)","0000",정치 헤드라인 뉴스 이동 성공,"2023-07-03 15:26:08"
neokim.api@gmail.com,neokim.api@gmail.com,'구글 이메일 제목(06-27-1)','구글 이메일 내용(06-27-1)',"1","(875,356)","0000",뉴스탭 이동 성공,"2023-07-03 15:26:22"
neokim.api@gmail.com,neokim.api@gmail.com,'구글 이메일 제목(06-27-1)','구글 이메일 내용(06-27-1)',"2","(485,243)","0000",경제탭 이동 성공,"2023-07-03 15:26:25"
neokim.api@gmail.com,neokim.api@gmail.com,'구글 이메일 제목(06-27-1)','구글 이메일 내용(06-27-1)',"3","(778,444)","0000",경제 헤드라인 뉴스 이동 성공,"2023-07-03 15:26:27"
neokim.api@gmail.com,neokim.api@gmail.com,'구글 이메일 제목(06-27-1)','구글 이메일 내용(06-27-1)',"1","(875,356)","0000",뉴스탭 이동 성공,"2023-07-03 15:26:41"
neokim.api@gmail.com,neokim.api@gmail.com,'구글 이메일 제목(06-27-1)','구글 이메일 내용(06-27-1)',"2","(518,264)","0000",사회탭 이동 성공,"2023-07-03 15:26:43"
neokim.api@gmail.com,neokim.api@gmail.com,'구글 이메일 제목(06-27-1)','구글 이메일 내용(06-27-1)',"3","(834,451)","0000",사회 헤드라인 뉴스 이동 성공,"2023-07-03 15:26:45"
neokim.api@gmail.com,neokim.api@gmail.com,'구글 이메일 제목(06-27-1)','구글 이메일 내용(06-27-1)',"1","(875,356)","0000",뉴스탭 이동 성공,"2023-07-03 15:27:58"
neokim.api@gmail.com,neokim.api@gmail.com,'구글 이메일 제목(06-27-1)','구글 이메일 내용(06-27-1)',"2","(385,249)","0000",정치탭 이동 성공,"2023-07-03 15:28:01"
neokim.api@gmail.com,neokim.api@gmail.com,'구글 이메일 제목(06-27-1)','구글 이메일 내용(06-27-1)',"3","(678,454)","0000",정치 헤드라인 뉴스 이동 성공,"2023-07-03 15:28:03"
neokim.api@gmail.com,neokim.api@gmail.com,'구글 이메일 제목(06-27-1)','구글 이메일 내용(06-27-1)',"1","(875,356)","0000",뉴스탭 이동 성공,"2023-07-03 15:28:17"
neokim.api@gmail.com,neokim.api@gmail.com,'구글 이메일 제목(06-27-1)','구글 이메일 내용(06-27-1)',"2","(485,243)","0000",경제탭 이동 성공,"2023-07-03 15:28:19"
neokim.api@gmail.com,neokim.api@gmail.com,'구글 이메일 제목(06-27-1)','구글 이메일 내용(06-27-1)',"3","(778,444)","0000",경제 헤드라인 뉴스 이동 성공,"2023-07-03 15:28:21"
neokim.api@gmail.com,neokim.api@gmail.com,'구글 이메일 제목(06-27-1)','구글 이메일 내용(06-27-1)',"1","(875,356)","0000",뉴스탭 이동 성공,"2023-07-03 15:28:35"
neokim.api@gmail.com,neokim.api@gmail.com,'구글 이메일 제목(06-27-1)','구글 이메일 내용(06-27-1)',"2","(518,264)","0000",사회탭 이동 성공,"2023-07-03 15:28:37"
neokim.api@gmail.com,neokim.api@gmail.com,'구글 이메일 제목(06-27-1)','구글 이메일 내용(06-27-1)',"3","(834,451)","0000",사회 헤드라인 뉴스 이동 성공,"2023-07-03 15:28:40"
neokim.api@gmail.com,neokim.api@gmail.com,'구글 이메일 제목(06-27-1)','구글 이메일 내용(06-27-1)',"1","(875,356)","0000",뉴스탭 이동 성공,"2023-07-03 15:29:53"
neokim.api@gmail.com,neokim.api@gmail.com,'구글 이메일 제목(06-27-1)','구글 이메일 내용(06-27-1)',"2","(385,249)","0000",정치탭 이동 성공,"2023-07-03 15:29:55"
neokim.api@gmail.com,neokim.api@gmail.com,'구글 이메일 제목(06-27-1)','구글 이메일 내용(06-27-1)',"3","(678,454)","0000",정치 헤드라인 뉴스 이동 성공,"2023-07-03 15:29:57"
neokim.api@gmail.com,neokim.api@gmail.com,'구글 이메일 제목(06-27-1)','구글 이메일 내용(06-27-1)',"1","(875,356)","0000",뉴스탭 이동 성공,"2023-07-03 15:30:11"
neokim.api@gmail.com,neokim.api@gmail.com,'구글 이메일 제목(06-27-1)','구글 이메일 내용(06-27-1)',"2","(485,243)","0000",경제탭 이동 성공,"2023-07-03 15:30:13"
neokim.api@gmail.com,neokim.api@gmail.com,'구글 이메일 제목(06-27-1)','구글 이메일 내용(06-27-1)',"3","(778,444)","0000",경제 헤드라인 뉴스 이동 성공,"2023-07-03 15:30:16"
neokim.api@gmail.com,neokim.api@gmail.com,'구글 이메일 제목(06-27-1)','구글 이메일 내용(06-27-1)',"1","(875,356)","0000",뉴스탭 이동 성공,"2023-07-03 15:30:30"
neokim.api@gmail.com,neokim.api@gmail.com,'구글 이메일 제목(06-27-1)','구글 이메일 내용(06-27-1)',"2","(518,264)","0000",사회탭 이동 성공,"2023-07-03 15:30:32"
neokim.api@gmail.com,neokim.api@gmail.com,'구글 이메일 제목(06-27-1)','구글 이메일 내용(06-27-1)',"3","(834,451)","0000",사회 헤드라인 뉴스 이동 성공,"2023-07-03 15:30:34"
neokim.api@gmail.com,neokim.api@gmail.com,'구글 이메일 제목(06-27-1)','구글 이메일 내용(06-27-1)',"1","(875,356)","0000",뉴스탭 이동 성공,"2023-07-03 15:31:47"
neokim.api@gmail.com,neokim.api@gmail.com,'구글 이메일 제목(06-27-1)','구글 이메일 내용(06-27-1)',"2","(385,249)","0000",정치탭 이동 성공,"2023-07-03 15:31:49"
neokim.api@gmail.com,neokim.api@gmail.com,'구글 이메일 제목(06-27-1)','구글 이메일 내용(06-27-1)',"3","(678,454)","0000",정치 헤드라인 뉴스 이동 성공,"2023-07-03 15:31:52"
neokim.api@gmail.com,neokim.api@gmail.com,'구글 이메일 제목(06-27-1)','구글 이메일 내용(06-27-1)',"1","(875,356)","0000",뉴스탭 이동 성공,"2023-07-03 15:32:06"
neokim.api@gmail.com,neokim.api@gmail.com,'구글 이메일 제목(06-27-1)','구글 이메일 내용(06-27-1)',"2","(485,243)","0000",경제탭 이동 성공,"2023-07-03 15:32:08"
neokim.api@gmail.com,neokim.api@gmail.com,'구글 이메일 제목(06-27-1)','구글 이메일 내용(06-27-1)',"3","(778,444)","0000",경제 헤드라인 뉴스 이동 성공,"2023-07-03 15:32:10"
neokim.api@gmail.com,neokim.api@gmail.com,'구글 이메일 제목(06-27-1)','구글 이메일 내용(06-27-1)',"1","(875,356)","0000",뉴스탭 이동 성공,"2023-07-03 15:32:24"
neokim.api@gmail.com,neokim.api@gmail.com,'구글 이메일 제목(06-27-1)','구글 이메일 내용(06-27-1)',"2","(518,264)","0000",사회탭 이동 성공,"2023-07-03 15:32:26"
neokim.api@gmail.com,neokim.api@gmail.com,'구글 이메일 제목(06-27-1)','구글 이메일 내용(06-27-1)',"3","(834,451)","0000",사회 헤드라인 뉴스 이동 성공,"2023-07-03 15:32:28"
neokim.api@gmail.com,neokim.api@gmail.com,'구글 이메일 제목(06-27-1)','구글 이메일 내용(06-27-1)',"1","(875,356)","0000",뉴스탭 이동 성공,"2023-07-03 15:33:42"
neokim.api@gmail.com,neokim.api@gmail.com,'구글 이메일 제목(06-27-1)','구글 이메일 내용(06-27-1)',"2","(385,249)","0000",정치탭 이동 성공,"2023-07-03 15:33:44"
neokim.api@gmail.com,neokim.api@gmail.com,'구글 이메일 제목(06-27-1)','구글 이메일 내용(06-27-1)',"3","(678,454)","0000",정치 헤드라인 뉴스 이동 성공,"2023-07-03 15:33:46"
neokim.api@gmail.com,neokim.api@gmail.com,'구글 이메일 제목(06-27-1)','구글 이메일 내용(06-27-1)',"1","(875,356)","0000",뉴스탭 이동 성공,"2023-07-03 15:34:00"
neokim.api@gmail.com,neokim.api@gmail.com,'구글 이메일 제목(06-27-1)','구글 이메일 내용(06-27-1)',"2","(485,243)","0000",경제탭 이동 성공,"2023-07-03 15:34:02"
neokim.api@gmail.com,neokim.api@gmail.com,'구글 이메일 제목(06-27-1)','구글 이메일 내용(06-27-1)',"3","(778,444)","0000",경제 헤드라인 뉴스 이동 성공,"2023-07-03 15:34:05"
neokim.api@gmail.com,neokim.api@gmail.com,'구글 이메일 제목(06-27-1)','구글 이메일 내용(06-27-1)',"1","(875,356)","0000",뉴스탭 이동 성공,"2023-07-03 15:34:19"
neokim.api@gmail.com,neokim.api@gmail.com,'구글 이메일 제목(06-27-1)','구글 이메일 내용(06-27-1)',"2","(518,264)","0000",사회탭 이동 성공,"2023-07-03 15:34:21"
neokim.api@gmail.com,neokim.api@gmail.com,'구글 이메일 제목(06-27-1)','구글 이메일 내용(06-27-1)',"3","(834,451)","0000",사회 헤드라인 뉴스 이동 성공,"2023-07-03 15:34:23"
neokim.api@gmail.com,neokim.api@gmail.com,'구글 이메일 제목(06-27-1)','구글 이메일 내용(06-27-1)',"1","(875,356)","0000",뉴스탭 이동 성공,"2023-07-03 15:35:36"
neokim.api@gmail.com,neokim.api@gmail.com,'구글 이메일 제목(06-27-1)','구글 이메일 내용(06-27-1)',"2","(385,249)","0000",정치탭 이동 성공,"2023-07-03 15:35:38"
neokim.api@gmail.com,neokim.api@gmail.com,'구글 이메일 제목(06-27-1)','구글 이메일 내용(06-27-1)',"3","(678,454)","0000",정치 헤드라인 뉴스 이동 성공,"2023-07-03 15:35:41"
neokim.api@gmail.com,neokim.api@gmail.com,'구글 이메일 제목(06-27-1)','구글 이메일 내용(06-27-1)',"1","(875,356)","0000",뉴스탭 이동 성공,"2023-07-03 15:35:55"
neokim.api@gmail.com,neokim.api@gmail.com,'구글 이메일 제목(06-27-1)','구글 이메일 내용(06-27-1)',"2","(485,243)","0000",경제탭 이동 성공,"2023-07-03 15:35:57"
neokim.api@gmail.com,neokim.api@gmail.com,'구글 이메일 제목(06-27-1)','구글 이메일 내용(06-27-1)',"3","(778,444)","0000",경제 헤드라인 뉴스 이동 성공,"2023-07-03 15:35:59"
neokim.api@gmail.com,neokim.api@gmail.com,'구글 이메일 제목(06-27-1)','구글 이메일 내용(06-27-1)',"1","(875,356)","0000",뉴스탭 이동 성공,"2023-07-03 15:36:13"
neokim.api@gmail.com,neokim.api@gmail.com,'구글 이메일 제목(06-27-1)','구글 이메일 내용(06-27-1)',"2","(518,264)","0000",사회탭 이동 성공,"2023-07-03 15:36:16"
neokim.api@gmail.com,neokim.api@gmail.com,'구글 이메일 제목(06-27-1)','구글 이메일 내용(06-27-1)',"3","(834,451)","0000",사회 헤드라인 뉴스 이동 성공,"2023-07-03 15:36:18"
neokim.api@gmail.com,neokim.api@gmail.com,'구글 이메일 제목(06-27-1)','구글 이메일 내용(06-27-1)',"1","(875,356)","0000",뉴스탭 이동 성공,"2023-07-03 15:37:31"
neokim.api@gmail.com,neokim.api@gmail.com,'구글 이메일 제목(06-27-1)','구글 이메일 내용(06-27-1)',"2","(385,249)","0000",정치탭 이동 성공,"2023-07-03 15:37:33"
neokim.api@gmail.com,neokim.api@gmail.com,'구글 이메일 제목(06-27-1)','구글 이메일 내용(06-27-1)',"3","(678,454)","0000",정치 헤드라인 뉴스 이동 성공,"2023-07-03 15:37:35"
neokim.api@gmail.com,neokim.api@gmail.com,'구글 이메일 제목(06-27-1)','구글 이메일 내용(06-27-1)',"1","(875,356)","0000",뉴스탭 이동 성공,"2023-07-03 15:37:49"
neokim.api@gmail.com,neokim.api@gmail.com,'구글 이메일 제목(06-27-1)','구글 이메일 내용(06-27-1)',"2","(485,243)","0000",경제탭 이동 성공,"2023-07-03 15:37:52"
neokim.api@gmail.com,neokim.api@gmail.com,'구글 이메일 제목(06-27-1)','구글 이메일 내용(06-27-1)',"3","(778,444)","0000",경제 헤드라인 뉴스 이동 성공,"2023-07-03 15:37:54"
neokim.api@gmail.com,neokim.api@gmail.com,'구글 이메일 제목(06-27-1)','구글 이메일 내용(06-27-1)',"1","(875,356)","0000",뉴스탭 이동 성공,"2023-07-03 15:38:08"
neokim.api@gmail.com,neokim.api@gmail.com,'구글 이메일 제목(06-27-1)','구글 이메일 내용(06-27-1)',"2","(518,264)","0000",사회탭 이동 성공,"2023-07-03 15:38:10"
neokim.api@gmail.com,neokim.api@gmail.com,'구글 이메일 제목(06-27-1)','구글 이메일 내용(06-27-1)',"3","(834,451)","0000",사회 헤드라인 뉴스 이동 성공,"2023-07-03 15:38:12"
neokim.api@gmail.com,neokim.api@gmail.com,'구글 이메일 제목(06-27-1)','구글 이메일 내용(06-27-1)',"1","(875,356)","0000",뉴스탭 이동 성공,"2023-07-03 15:39:25"
neokim.api@gmail.com,neokim.api@gmail.com,'구글 이메일 제목(06-27-1)','구글 이메일 내용(06-27-1)',"2","(385,249)","0000",정치탭 이동 성공,"2023-07-03 15:39:28"
neokim.api@gmail.com,neokim.api@gmail.com,'구글 이메일 제목(06-27-1)','구글 이메일 내용(06-27-1)',"3","(678,454)","0000",정치 헤드라인 뉴스 이동 성공,"2023-07-03 15:39:30"
neokim.api@gmail.com,neokim.api@gmail.com,'구글 이메일 제목(06-27-1)','구글 이메일 내용(06-27-1)',"1","(875,356)","0000",뉴스탭 이동 성공,"2023-07-03 15:39:44"
neokim.api@gmail.com,neokim.api@gmail.com,'구글 이메일 제목(06-27-1)','구글 이메일 내용(06-27-1)',"2","(485,243)","0000",경제탭 이동 성공,"2023-07-03 15:39:46"
neokim.api@gmail.com,neokim.api@gmail.com,'구글 이메일 제목(06-27-1)','구글 이메일 내용(06-27-1)',"3","(778,444)","0000",경제 헤드라인 뉴스 이동 성공,"2023-07-03 15:39:48"
neokim.api@gmail.com,neokim.api@gmail.com,'구글 이메일 제목(06-27-1)','구글 이메일 내용(06-27-1)',"1","(875,356)","0000",뉴스탭 이동 성공,"2023-07-03 15:40:02"
neokim.api@gmail.com,neokim.api@gmail.com,'구글 이메일 제목(06-27-1)','구글 이메일 내용(06-27-1)',"2","(518,264)","0000",사회탭 이동 성공,"2023-07-03 15:40:05"
neokim.api@gmail.com,neokim.api@gmail.com,'구글 이메일 제목(06-27-1)','구글 이메일 내용(06-27-1)',"3","(834,451)","0000",사회 헤드라인 뉴스 이동 성공,"2023-07-03 15:40:07"
neokim.api@gmail.com,neokim.api@gmail.com,'구글 이메일 제목(06-27-1)','구글 이메일 내용(06-27-1)',"1","(875,356)","0000",뉴스탭 이동 성공,"2023-07-03 15:41:20"
neokim.api@gmail.com,neokim.api@gmail.com,'구글 이메일 제목(06-27-1)','구글 이메일 내용(06-27-1)',"2","(385,249)","0000",정치탭 이동 성공,"2023-07-03 15:41:22"
neokim.api@gmail.com,neokim.api@gmail.com,'구글 이메일 제목(06-27-1)','구글 이메일 내용(06-27-1)',"3","(678,454)","0000",정치 헤드라인 뉴스 이동 성공,"2023-07-03 15:41:24"
neokim.api@gmail.com,neokim.api@gmail.com,'구글 이메일 제목(06-27-1)','구글 이메일 내용(06-27-1)',"1","(875,356)","0000",뉴스탭 이동 성공,"2023-07-03 15:41:38"
neokim.api@gmail.com,neokim.api@gmail.com,'구글 이메일 제목(06-27-1)','구글 이메일 내용(06-27-1)',"2","(485,243)","0000",경제탭 이동 성공,"2023-07-03 15:41:40"
neokim.api@gmail.com,neokim.api@gmail.com,'구글 이메일 제목(06-27-1)','구글 이메일 내용(06-27-1)',"3","(778,444)","0000",경제 헤드라인 뉴스 이동 성공,"2023-07-03 15:41:43"
neokim.api@gmail.com,neokim.api@gmail.com,'구글 이메일 제목(06-27-1)','구글 이메일 내용(06-27-1)',"1","(875,356)","0000",뉴스탭 이동 성공,"2023-07-03 15:41:57"
neokim.api@gmail.com,neokim.api@gmail.com,'구글 이메일 제목(06-27-1)','구글 이메일 내용(06-27-1)',"2","(518,264)","0000",사회탭 이동 성공,"2023-07-03 15:41:59"
neokim.api@gmail.com,neokim.api@gmail.com,'구글 이메일 제목(06-27-1)','구글 이메일 내용(06-27-1)',"3","(834,451)","0000",사회 헤드라인 뉴스 이동 성공,"2023-07-03 15:42:01"
neokim.api@gmail.com,neokim.api@gmail.com,'구글 이메일 제목(06-27-1)','구글 이메일 내용(06-27-1)',"1","(875,356)","0000",뉴스탭 이동 성공,"2023-07-03 15:43:14"
neokim.api@gmail.com,neokim.api@gmail.com,'구글 이메일 제목(06-27-1)','구글 이메일 내용(06-27-1)',"2","(385,249)","0000",정치탭 이동 성공,"2023-07-03 15:43:17"
neokim.api@gmail.com,neokim.api@gmail.com,'구글 이메일 제목(06-27-1)','구글 이메일 내용(06-27-1)',"3","(678,454)","0000",정치 헤드라인 뉴스 이동 성공,"2023-07-03 15:43:19"
neokim.api@gmail.com,neokim.api@gmail.com,'구글 이메일 제목(06-27-1)','구글 이메일 내용(06-27-1)',"1","(875,356)","0000",뉴스탭 이동 성공,"2023-07-03 15:43:33"
neokim.api@gmail.com,neokim.api@gmail.com,'구글 이메일 제목(06-27-1)','구글 이메일 내용(06-27-1)',"2","(485,243)","0000",경제탭 이동 성공,"2023-07-03 15:43:35"
neokim.api@gmail.com,neokim.api@gmail.com,'구글 이메일 제목(06-27-1)','구글 이메일 내용(06-27-1)',"3","(778,444)","0000",경제 헤드라인 뉴스 이동 성공,"2023-07-03 15:43:37"
neokim.api@gmail.com,neokim.api@gmail.com,'구글 이메일 제목(06-27-1)','구글 이메일 내용(06-27-1)',"1","(875,356)","0000",뉴스탭 이동 성공,"2023-07-03 15:43:51"
neokim.api@gmail.com,neokim.api@gmail.com,'구글 이메일 제목(06-27-1)','구글 이메일 내용(06-27-1)',"2","(518,264)","0000",사회탭 이동 성공,"2023-07-03 15:43:54"
neokim.api@gmail.com,neokim.api@gmail.com,'구글 이메일 제목(06-27-1)','구글 이메일 내용(06-27-1)',"3","(834,451)","0000",사회 헤드라인 뉴스 이동 성공,"2023-07-03 15:43:56"
